{
    "key": "group_6147dd2edab51",
    "title": "Page Template: Contact Page",
    "fields": [
        {
            "key": "field_620de91fa190c",
            "label": "Contact Form",
            "name": "contact_form",
            "type": "text",
            "instructions": "",
            "required": 0,
            "conditional_logic": 0,
            "wrapper": {
                "width": "",
                "class": "",
                "id": ""
            },
            "default_value": "",
            "placeholder": "",
            "prepend": "",
            "append": "",
            "maxlength": ""
        }
    ],
    "location": [
        [
            {
                "param": "page_template",
                "operator": "==",
                "value": "templates\/contact-page.php"
            }
        ]
    ],
    "menu_order": 20,
    "position": "acf_after_title",
    "style": "default",
    "label_placement": "top",
    "instruction_placement": "label",
    "hide_on_screen": "",
    "active": true,
    "description": "",
    "show_in_rest": 0,
    "modified": 1645081728
}