{
    "key": "group_5ec76c3e2dc0e",
    "title": "Page Banner: Internal Page",
    "fields": [
        {
            "key": "field_5ec77004273f4",
            "label": "Page Banner",
            "name": "page_banner",
            "type": "group",
            "instructions": "",
            "required": 0,
            "conditional_logic": 0,
            "wrapper": {
                "width": "",
                "class": "",
                "id": ""
            },
            "layout": "block",
            "sub_fields": [
                {
                    "key": "field_60de648dc8be4",
                    "label": "Banner Heading",
                    "name": "banner_heading",
                    "type": "text",
                    "instructions": "",
                    "required": 0,
                    "conditional_logic": 0,
                    "wrapper": {
                        "width": "",
                        "class": "",
                        "id": ""
                    },
                    "default_value": "",
                    "placeholder": "",
                    "prepend": "",
                    "append": "",
                    "maxlength": ""
                },
                {
                    "key": "field_5ed89f07e9711",
                    "label": "Background Banner Images",
                    "name": "banner_images",
                    "type": "repeater",
                    "instructions": "",
                    "required": 0,
                    "conditional_logic": 0,
                    "wrapper": {
                        "width": "",
                        "class": "",
                        "id": ""
                    },
                    "collapsed": "",
                    "min": 0,
                    "max": 1,
                    "layout": "block",
                    "button_label": "Add Image",
                    "sub_fields": [
                        {
                            "key": "field_5ed89f2de9712",
                            "label": "Image",
                            "name": "image",
                            "type": "image",
                            "instructions": "Image size: 1920px x 1080px",
                            "required": 1,
                            "conditional_logic": 0,
                            "wrapper": {
                                "width": "",
                                "class": "",
                                "id": ""
                            },
                            "return_format": "id",
                            "preview_size": "blog_post",
                            "library": "all",
                            "min_width": "",
                            "min_height": "",
                            "min_size": "",
                            "max_width": "",
                            "max_height": "",
                            "max_size": "",
                            "mime_types": ""
                        }
                    ]
                },
                {
                    "key": "field_620e2d9ac8549",
                    "label": "Banner Image",
                    "name": "banner_image",
                    "type": "image",
                    "instructions": "",
                    "required": 0,
                    "conditional_logic": 0,
                    "wrapper": {
                        "width": "",
                        "class": "",
                        "id": ""
                    },
                    "return_format": "url",
                    "preview_size": "thumbnail",
                    "library": "all",
                    "min_width": "",
                    "min_height": "",
                    "min_size": "",
                    "max_width": "",
                    "max_height": "",
                    "max_size": "",
                    "mime_types": ""
                },
                {
                    "key": "field_620e2dbcc854a",
                    "label": "Banner Link",
                    "name": "banner_link",
                    "type": "link",
                    "instructions": "",
                    "required": 0,
                    "conditional_logic": [
                        [
                            {
                                "field": "field_620e2d9ac8549",
                                "operator": "!=empty"
                            }
                        ]
                    ],
                    "wrapper": {
                        "width": "",
                        "class": "",
                        "id": ""
                    },
                    "return_format": "array"
                },
                {
                    "key": "field_620e318631adb",
                    "label": "Banner Footer Heading",
                    "name": "banner_footer_heading",
                    "type": "wysiwyg",
                    "instructions": "",
                    "required": 0,
                    "conditional_logic": [
                        [
                            {
                                "field": "field_620e2d9ac8549",
                                "operator": "!=empty"
                            }
                        ]
                    ],
                    "wrapper": {
                        "width": "",
                        "class": "",
                        "id": ""
                    },
                    "default_value": "",
                    "tabs": "all",
                    "toolbar": "basic",
                    "media_upload": 0,
                    "delay": 0
                }
            ]
        }
    ],
    "location": [
        [
            {
                "param": "page_template",
                "operator": "==",
                "value": "templates\/internal-page.php"
            }
        ],
        [
            {
                "param": "page_template",
                "operator": "==",
                "value": "templates\/contact-page.php"
            }
        ],
        [
            {
                "param": "page_template",
                "operator": "==",
                "value": "default"
            }
        ],
        [
            {
                "param": "page_template",
                "operator": "==",
                "value": "templates\/blog-page.php"
            }
        ],
        [
            {
                "param": "page_template",
                "operator": "==",
                "value": "templates\/product-page.php"
            }
        ],
        [
            {
                "param": "page_template",
                "operator": "==",
                "value": "templates\/customer-login.php"
            }
        ],
        [
            {
                "param": "page_template",
                "operator": "==",
                "value": "templates\/wishlist.php"
            }
        ]
    ],
    "menu_order": 1,
    "position": "acf_after_title",
    "style": "seamless",
    "label_placement": "top",
    "instruction_placement": "label",
    "hide_on_screen": "",
    "active": true,
    "description": "",
    "show_in_rest": 0,
    "modified": 1669293584
}