{
    "key": "group_5ec328be3d34a",
    "title": "Home Page",
    "fields": [
        {
            "key": "field_5ec328d78736f",
            "label": "Page Banner",
            "name": "page_banner",
            "type": "group",
            "instructions": "",
            "required": 0,
            "conditional_logic": 0,
            "wrapper": {
                "width": "",
                "class": "",
                "id": ""
            },
            "layout": "block",
            "sub_fields": [
                {
                    "key": "field_5ec3290187370",
                    "label": "Banners",
                    "name": "banners",
                    "type": "repeater",
                    "instructions": "",
                    "required": 0,
                    "conditional_logic": 0,
                    "wrapper": {
                        "width": "",
                        "class": "",
                        "id": ""
                    },
                    "collapsed": "field_5ec3291a87371",
                    "min": 0,
                    "max": 0,
                    "layout": "block",
                    "button_label": "Add Banner",
                    "sub_fields": [
                        {
                            "key": "field_5ec3291a87371",
                            "label": "Banner Alt Title",
                            "name": "banner_title",
                            "type": "text",
                            "instructions": "",
                            "required": 0,
                            "conditional_logic": 0,
                            "wrapper": {
                                "width": "50",
                                "class": "",
                                "id": ""
                            },
                            "default_value": "",
                            "placeholder": "",
                            "prepend": "",
                            "append": "",
                            "maxlength": ""
                        },
                        {
                            "key": "field_60da853f79358",
                            "label": "Button",
                            "name": "button_link",
                            "type": "link",
                            "instructions": "",
                            "required": 0,
                            "conditional_logic": 0,
                            "wrapper": {
                                "width": "50",
                                "class": "",
                                "id": ""
                            },
                            "return_format": "url"
                        },
                        {
                            "key": "field_5ec3296787374",
                            "label": "Background Image",
                            "name": "background_image",
                            "type": "image",
                            "instructions": "Image size: 1920px x 1222px",
                            "required": 1,
                            "conditional_logic": 0,
                            "wrapper": {
                                "width": "50",
                                "class": "",
                                "id": ""
                            },
                            "return_format": "id",
                            "preview_size": "thumbnail",
                            "library": "all",
                            "min_width": "",
                            "min_height": "",
                            "min_size": "",
                            "max_width": "",
                            "max_height": "",
                            "max_size": "",
                            "mime_types": ""
                        }
                    ]
                }
            ]
        }
    ],
    "location": [
        [
            {
                "param": "page_template",
                "operator": "==",
                "value": "templates\/home-page.php"
            }
        ]
    ],
    "menu_order": 0,
    "position": "acf_after_title",
    "style": "seamless",
    "label_placement": "top",
    "instruction_placement": "label",
    "hide_on_screen": "",
    "active": true,
    "description": "",
    "show_in_rest": 0,
    "modified": 1668670679
}